AAA	0.021717171717171718
AAC	0.015151515151515152
AAG	0.021212121212121213
AAT	0.024747474747474747
ACA	0.021212121212121213
ACC	0.010606060606060607
ACG	0.009595959595959595
ACT	0.018686868686868686
AGA	0.020202020202020204
AGC	0.011111111111111112
AGG	0.01616161616161616
AGT	0.01919191919191919
ATA	0.020202020202020204
ATC	0.013636363636363636
ATG	0.018686868686868686
ATT	0.028282828282828285
CAA	0.013131313131313131
CAC	0.012626262626262626
CAG	0.013636363636363636
CAT	0.018686868686868686
CCA	0.010606060606060607
CCC	0.011616161616161616
CCG	0.006060606060606061
CCT	0.011616161616161616
CGA	0.00808080808080808
CGC	0.009595959595959595
CGG	0.00909090909090909
CGT	0.010101010101010102
CTA	0.019696969696969695
CTC	0.012121212121212121
CTG	0.010606060606060607
CTT	0.014141414141414142
GAA	0.01717171717171717
GAC	0.011111111111111112
GAG	0.015656565656565657
GAT	0.015151515151515152
GCA	0.012626262626262626
GCC	0.007070707070707071
GCG	0.009595959595959595
GCT	0.008585858585858586
GGA	0.011616161616161616
GGC	0.00808080808080808
GGG	0.010606060606060607
GGT	0.016666666666666666
GTA	0.017676767676767676
GTC	0.011616161616161616
GTG	0.015151515151515152
GTT	0.024242424242424242
TAA	0.031313131313131314
TAC	0.02070707070707071
TAG	0.01616161616161616
TAT	0.022222222222222223
TCA	0.013636363636363636
TCC	0.011111111111111112
TCG	0.011111111111111112
TCT	0.01717171717171717
TGA	0.01919191919191919
TGC	0.00909090909090909
TGG	0.011111111111111112
TGT	0.023232323232323233
TTA	0.03282828282828283
TTC	0.015151515151515152
TTG	0.01818181818181818
TTT	0.03333333333333333
